{"cameraMode":{"drawMode":0,"name":"Shaded","section":"Shading Mode"},"sceneLighting":true,"audioPlay":false,"sceneViewState":{"m_AlwaysRefresh":false,"showFog":true,"showSkybox":true,"showFlares":true,"showImageEffects":true,"showParticleSystems":true,"showVisualEffectGraphs":true,"m_FxEnabled":true},"in2DMode":false,"pivot":{"x":0.10000026226043701,"y":0.38277488946914675,"z":-3.3850595951080324},"rotation":{"x":-0.19812318682670594,"y":0.7011483311653137,"z":-0.21343779563903809,"w":-0.6508395671844482},"size":10.45750904083252,"orthographic":false}